DATE,DATA
02-Jan-2020,-0.795478273
03-Jan-2020,-0.861451363
06-Jan-2020,-0.858248257
07-Jan-2020,-0.837203533
08-Jan-2020,-0.806834526
09-Jan-2020,-0.824106801
10-Jan-2020,-0.859790676
13-Jan-2020,-0.845800105
14-Jan-2020,-0.877167544
15-Jan-2020,-0.903874251
16-Jan-2020,-0.882099636
17-Jan-2020,-0.839299686
21-Jan-2020,-0.878611669
22-Jan-2020,-0.896163858
23-Jan-2020,-0.931995778
24-Jan-2020,-0.963702015
27-Jan-2020,-1.034453961
28-Jan-2020,-1.005880117
29-Jan-2020,-1.044529587
30-Jan-2020,-1.058213331
31-Jan-2020,-1.077340734
03-Feb-2020,-1.08333064
04-Feb-2020,-1.028437132
05-Feb-2020,-0.983516326
06-Feb-2020,-1.011320526
07-Feb-2020,-1.045780085
10-Feb-2020,-1.053267417
11-Feb-2020,-1.042559889
12-Feb-2020,-1.008352066
13-Feb-2020,-1.025866854
14-Feb-2020,-1.04167198
18-Feb-2020,-1.072724484
19-Feb-2020,-1.074258829
20-Feb-2020,-1.112205656
21-Feb-2020,-1.152510949
24-Feb-2020,-1.186348523
25-Feb-2020,-1.212067679
26-Feb-2020,-1.204670964
27-Feb-2020,-1.196367295
28-Feb-2020,-1.239088533
02-Mar-2020,-1.235486149
03-Mar-2020,-1.209048589
04-Mar-2020,-1.155117587
05-Mar-2020,-1.224094978
06-Mar-2020,-1.402225605
09-Mar-2020,-1.609494185
10-Mar-2020,-1.376339142
11-Mar-2020,-1.4621619
12-Mar-2020,-1.269075007
13-Mar-2020,-1.220512346
16-Mar-2020,-1.395276528
17-Mar-2020,-0.983693041
18-Mar-2020,-0.867753607
19-Mar-2020,-0.82329873
20-Mar-2020,-0.990175003
23-Mar-2020,-1.156909045
24-Mar-2020,-1.167919215
25-Mar-2020,-1.098105278
26-Mar-2020,-1.095277406
27-Mar-2020,-1.181592111
30-Mar-2020,-1.19503766
31-Mar-2020,-1.150226867
01-Apr-2020,-1.285915805
02-Apr-2020,-1.285320434
03-Apr-2020,-1.274771792
06-Apr-2020,-1.244367421
07-Apr-2020,-1.183205541
08-Apr-2020,-1.110196454
09-Apr-2020,-1.130166981
13-Apr-2020,-1.09426377
14-Apr-2020,-1.078583814
15-Apr-2020,-1.214303803
16-Apr-2020,-1.26249936
17-Apr-2020,-1.205071303
20-Apr-2020,-1.247160575
21-Apr-2020,-1.320345658
22-Apr-2020,-1.264592278
23-Apr-2020,-1.30345846
24-Apr-2020,-1.302618754
27-Apr-2020,-1.23612222
28-Apr-2020,-1.291630971
29-Apr-2020,-1.278364058
30-Apr-2020,-1.243723125
01-May-2020,-1.268360915
04-May-2020,-1.255053772
05-May-2020,-1.237913907
06-May-2020,-1.137331134
07-May-2020,-1.230249042
08-May-2020,-1.160894511
11-May-2020,-1.130843358
12-May-2020,-1.174576045
13-May-2020,-1.220990068
14-May-2020,-1.243962294
15-May-2020,-1.204482013
18-May-2020,-1.120757447
19-May-2020,-1.130159532
20-May-2020,-1.163074501
21-May-2020,-1.17998484
22-May-2020,-1.218199033
26-May-2020,-1.155637001
27-May-2020,-1.186513995
28-May-2020,-1.152574332
29-May-2020,-1.199078188
01-Jun-2020,-1.181018634
02-Jun-2020,-1.167030572
03-Jun-2020,-1.082579594
04-Jun-2020,-1.006077738
05-Jun-2020,-0.920810651
08-Jun-2020,-0.948354427
09-Jun-2020,-0.992536332
10-Jun-2020,-1.063728258
11-Jun-2020,-1.207037541
12-Jun-2020,-1.144264899
15-Jun-2020,-1.141321229
16-Jun-2020,-1.07862904
17-Jun-2020,-1.103548649
18-Jun-2020,-1.158181414
19-Jun-2020,-1.160485973
22-Jun-2020,-1.1508281
23-Jun-2020,-1.134736338
24-Jun-2020,-1.176861485
25-Jun-2020,-1.182002634
26-Jun-2020,-1.218482108
29-Jun-2020,-1.211770685
30-Jun-2020,-1.176243391
01-Jul-2020,-1.159451636
02-Jul-2020,-1.163672157
06-Jul-2020,-1.148022073
07-Jul-2020,-1.209626983
08-Jul-2020,-1.190912863
09-Jul-2020,-1.260136894
10-Jul-2020,-1.222015362
13-Jul-2020,-1.231604054
14-Jul-2020,-1.252465998
15-Jul-2020,-1.22620729
16-Jul-2020,-1.244084461
17-Jul-2020,-1.224984267
20-Jul-2020,-1.247685131
21-Jul-2020,-1.259837871
22-Jul-2020,-1.274471277
23-Jul-2020,-1.303024841
24-Jul-2020,-1.292579339
27-Jul-2020,-1.269213754
28-Jul-2020,-1.303147321
29-Jul-2020,-1.285998371
30-Jul-2020,-1.327882204
31-Jul-2020,-1.319390157
03-Aug-2020,-1.294869267
04-Aug-2020,-1.35332054
05-Aug-2020,-1.316866548
06-Aug-2020,-1.33008084
07-Aug-2020,-1.299464714
10-Aug-2020,-1.280291349
11-Aug-2020,-1.221900354
12-Aug-2020,-1.171157676
13-Aug-2020,-1.140380398
14-Aug-2020,-1.123943433
17-Aug-2020,-1.154725867
18-Aug-2020,-1.172200025
19-Aug-2020,-1.15049672
20-Aug-2020,-1.198549675
21-Aug-2020,-1.21956552
24-Aug-2020,-1.208923776
25-Aug-2020,-1.157090404
26-Aug-2020,-1.142797552
27-Aug-2020,-1.063191234
28-Aug-2020,-1.030274484
31-Aug-2020,-1.058713975
01-Sep-2020,-1.119815847
02-Sep-2020,-1.16235549
03-Sep-2020,-1.202030704
04-Sep-2020,-1.102037595
08-Sep-2020,-1.129951551
09-Sep-2020,-1.110569305
10-Sep-2020,-1.136046156
11-Sep-2020,-1.14037037
14-Sep-2020,-1.143826333
15-Sep-2020,-1.146010841
16-Sep-2020,-1.128655048
17-Sep-2020,-1.129594248
18-Sep-2020,-1.112918074
21-Sep-2020,-1.141546105
22-Sep-2020,-1.140185825
23-Sep-2020,-1.14447778
24-Sep-2020,-1.161941485
25-Sep-2020,-1.165111055
28-Sep-2020,-1.157106132
29-Sep-2020,-1.163684434
30-Sep-2020,-1.125110684
01-Oct-2020,-1.138319291
02-Oct-2020,-1.112746399
05-Oct-2020,-1.018480874
06-Oct-2020,-1.040606184
07-Oct-2020,-0.995791139
08-Oct-2020,-1.014406959
09-Oct-2020,-1.015864317
13-Oct-2020,-1.062030055
14-Oct-2020,-1.076844681
15-Oct-2020,-1.062634496
16-Oct-2020,-1.052654312
19-Oct-2020,-1.025913913
20-Oct-2020,-0.974506396
21-Oct-2020,-0.948075413
22-Oct-2020,-0.898796071
23-Oct-2020,-0.925211374
26-Oct-2020,-0.969553973
27-Oct-2020,-0.997210284
28-Oct-2020,-0.996725355
29-Oct-2020,-0.920270735
30-Oct-2020,-0.865949658
02-Nov-2020,-0.890321164
03-Nov-2020,-0.856359634
04-Nov-2020,-0.998948524
05-Nov-2020,-1.006001822
06-Nov-2020,-0.948514251
09-Nov-2020,-0.803121947
10-Nov-2020,-0.776723521
12-Nov-2020,-0.907217711
13-Nov-2020,-0.889386915
16-Nov-2020,-0.868352291
17-Nov-2020,-0.918862076
18-Nov-2020,-0.90407439
19-Nov-2020,-0.936617771
20-Nov-2020,-0.967155131
23-Nov-2020,-0.932483367
24-Nov-2020,-0.891420746
25-Nov-2020,-0.881663136
27-Nov-2020,-0.935525288
30-Nov-2020,-0.918228363
01-Dec-2020,-0.827998047
02-Dec-2020,-0.780175638
03-Dec-2020,-0.815023171
04-Dec-2020,-0.741122045
07-Dec-2020,-0.781412742
08-Dec-2020,-0.813683423
09-Dec-2020,-0.78986279
10-Dec-2020,-0.817975117
11-Dec-2020,-0.819191871
14-Dec-2020,-0.811122926
15-Dec-2020,-0.785445853
16-Dec-2020,-0.779953185
17-Dec-2020,-0.766214625
18-Dec-2020,-0.743102461
21-Dec-2020,-0.745408749
22-Dec-2020,-0.772934981
23-Dec-2020,-0.717012176
24-Dec-2020,-0.754796413
28-Dec-2020,-0.752609113
29-Dec-2020,-0.744936994
30-Dec-2020,-0.754066286
31-Dec-2020,-0.763202337
04-Jan-2021,-0.756187401
05-Jan-2021,-0.718769407
06-Jan-2021,-0.615097361
07-Jan-2021,-0.560743039
08-Jan-2021,-0.511705957
11-Jan-2021,-0.48323769
12-Jan-2021,-0.482290018
13-Jan-2021,-0.549682247
14-Jan-2021,-0.470382967
15-Jan-2021,-0.513266641
19-Jan-2021,-0.509972891
20-Jan-2021,-0.515673894
21-Jan-2021,-0.473670652
22-Jan-2021,-0.503704839
25-Jan-2021,-0.57183017
26-Jan-2021,-0.572189301
27-Jan-2021,-0.595630509
28-Jan-2021,-0.557618485
29-Jan-2021,-0.4847207
01-Feb-2021,-0.502602332
02-Feb-2021,-0.469345464
03-Feb-2021,-0.430430398
04-Feb-2021,-0.417258525
05-Feb-2021,-0.358842931
08-Feb-2021,-0.378354275
09-Feb-2021,-0.389039569
10-Feb-2021,-0.423311599
11-Feb-2021,-0.405133972
12-Feb-2021,-0.3322314
16-Feb-2021,-0.224662464
17-Feb-2021,-0.213651754
18-Feb-2021,-0.210742775
19-Feb-2021,-0.129874268
22-Feb-2021,-0.097913856
23-Feb-2021,-0.087128297
24-Feb-2021,-0.077636421
25-Feb-2021,0.040447931
26-Feb-2021,-0.071351789
01-Mar-2021,-0.014701342
02-Mar-2021,-0.043903409
03-Mar-2021,0.008427507
04-Mar-2021,0.107768304
05-Mar-2021,0.107115666
08-Mar-2021,0.113279054
09-Mar-2021,0.047919942
10-Mar-2021,0.031845815
11-Mar-2021,0.06739217
12-Mar-2021,0.207110462
15-Mar-2021,0.177830119
16-Mar-2021,0.192434469
17-Mar-2021,0.254935038
18-Mar-2021,0.339934829
19-Mar-2021,0.362861513
22-Mar-2021,0.290678647
23-Mar-2021,0.225176538
24-Mar-2021,0.201676244
25-Mar-2021,0.234125081
26-Mar-2021,0.278434099
29-Mar-2021,0.336852565
30-Mar-2021,0.323056993
31-Mar-2021,0.328666301
01-Apr-2021,0.239169517
02-Apr-2021,0.225198782
05-Apr-2021,0.26944619
06-Apr-2021,0.230566046
07-Apr-2021,0.256506506
08-Apr-2021,0.201879819
09-Apr-2021,0.217518803
12-Apr-2021,0.214565112
13-Apr-2021,0.177226203
14-Apr-2021,0.183207676
15-Apr-2021,0.081175421
16-Apr-2021,0.110682372
19-Apr-2021,0.156312331
20-Apr-2021,0.121643944
21-Apr-2021,0.11247025
22-Apr-2021,0.098302477
23-Apr-2021,0.103699045
26-Apr-2021,0.084188897
27-Apr-2021,0.146840715
28-Apr-2021,0.161894762
29-Apr-2021,0.197083198
30-Apr-2021,0.197723119
03-May-2021,0.182027332
04-May-2021,0.155787598
05-May-2021,0.139273019
06-May-2021,0.126092425
07-May-2021,0.188075113
10-May-2021,0.216793463
11-May-2021,0.23148249
12-May-2021,0.297270479
13-May-2021,0.270307962
14-May-2021,0.232964468
17-May-2021,0.234291268
18-May-2021,0.242288373
19-May-2021,0.272060896
20-May-2021,0.22761058
21-May-2021,0.210332782
24-May-2021,0.192681726
25-May-2021,0.137047236
26-May-2021,0.158815331
27-May-2021,0.201988623
28-May-2021,0.170252058
01-Jun-2021,0.216130423
02-Jun-2021,0.187561892
03-Jun-2021,0.197887971
04-Jun-2021,0.119092229
07-Jun-2021,0.119620612
08-Jun-2021,0.077203969
09-Jun-2021,0.030302295
10-Jun-2021,-0.019377156
11-Jun-2021,-0.024739609
14-Jun-2021,0.009713069
15-Jun-2021,0.014173532
16-Jun-2021,0.022612375
17-Jun-2021,-0.107856491
18-Jun-2021,-0.260735189
21-Jun-2021,-0.173580977
22-Jun-2021,-0.162936289
23-Jun-2021,-0.162841497
24-Jun-2021,-0.176885251
25-Jun-2021,-0.115106809
28-Jun-2021,-0.189326589
29-Jun-2021,-0.187874764
30-Jun-2021,-0.233864301
01-Jul-2021,-0.22297966
02-Jul-2021,-0.25365494
06-Jul-2021,-0.31870522
07-Jul-2021,-0.385218432
08-Jul-2021,-0.379987996
09-Jul-2021,-0.314710416
12-Jul-2021,-0.314391001
13-Jul-2021,-0.293329956
14-Jul-2021,-0.350330964
15-Jul-2021,-0.441092196
16-Jul-2021,-0.431521863
19-Jul-2021,-0.553962827
20-Jul-2021,-0.479345002
21-Jul-2021,-0.402908195
22-Jul-2021,-0.433503947
23-Jul-2021,-0.392836265
26-Jul-2021,-0.406488223
27-Jul-2021,-0.455954994
28-Jul-2021,-0.460285165
29-Jul-2021,-0.419706908
30-Jul-2021,-0.451163354
02-Aug-2021,-0.496139145
03-Aug-2021,-0.507345804
04-Aug-2021,-0.542738811
05-Aug-2021,-0.52670467
06-Aug-2021,-0.440836459
09-Aug-2021,-0.427377571
10-Aug-2021,-0.426031453
11-Aug-2021,-0.409357817
12-Aug-2021,-0.40411124
13-Aug-2021,-0.499427643
16-Aug-2021,-0.510795459
17-Aug-2021,-0.518540563
18-Aug-2021,-0.527903423
19-Aug-2021,-0.57529523
20-Aug-2021,-0.565469831
23-Aug-2021,-0.563236913
24-Aug-2021,-0.523015804
25-Aug-2021,-0.449478387
26-Aug-2021,-0.46275443
27-Aug-2021,-0.469850196
30-Aug-2021,-0.477852318
31-Aug-2021,-0.448145576
01-Sep-2021,-0.459006713
02-Sep-2021,-0.481580447
03-Sep-2021,-0.437315188
07-Sep-2021,-0.389106323
08-Sep-2021,-0.443906852
09-Sep-2021,-0.4889408
10-Sep-2021,-0.442256881
13-Sep-2021,-0.470727276
14-Sep-2021,-0.537048332
15-Sep-2021,-0.516323494
16-Sep-2021,-0.484187027
17-Sep-2021,-0.456530754
20-Sep-2021,-0.523676596
21-Sep-2021,-0.500335695
22-Sep-2021,-0.55938456
23-Sep-2021,-0.461049203
24-Sep-2021,-0.390388013
27-Sep-2021,-0.376055136
28-Sep-2021,-0.288134018
29-Sep-2021,-0.250521466
30-Sep-2021,-0.276639399
01-Oct-2021,-0.296877005
04-Oct-2021,-0.295670434
05-Oct-2021,-0.246228688
06-Oct-2021,-0.276242298
07-Oct-2021,-0.22889356
08-Oct-2021,-0.197116378
12-Oct-2021,-0.286887368
13-Oct-2021,-0.362678976
14-Oct-2021,-0.374597536
15-Oct-2021,-0.364211943
18-Oct-2021,-0.401921995
19-Oct-2021,-0.292015202
20-Oct-2021,-0.286448358
21-Oct-2021,-0.297536891
22-Oct-2021,-0.356572124
25-Oct-2021,-0.339811932
26-Oct-2021,-0.380283739
27-Oct-2021,-0.50736834
28-Oct-2021,-0.458027146
29-Oct-2021,-0.445850066
01-Nov-2021,-0.433692575
02-Nov-2021,-0.441547477
03-Nov-2021,-0.425040253
04-Nov-2021,-0.448696414
05-Nov-2021,-0.540101339
08-Nov-2021,-0.526767597
09-Nov-2021,-0.579656395
10-Nov-2021,-0.552184388
12-Nov-2021,-0.537712806
15-Nov-2021,-0.47577078
16-Nov-2021,-0.464051068
17-Nov-2021,-0.486317666
18-Nov-2021,-0.503153522
19-Nov-2021,-0.584754544
22-Nov-2021,-0.524100571
23-Nov-2021,-0.468176921
24-Nov-2021,-0.530294469
26-Nov-2021,-0.64074134
29-Nov-2021,-0.588682059
30-Nov-2021,-0.686242612
01-Dec-2021,-0.62156234
02-Dec-2021,-0.732020738
03-Dec-2021,-0.813970241
06-Dec-2021,-0.753511012
07-Dec-2021,-0.73718614
08-Dec-2021,-0.710528896
09-Dec-2021,-0.754878304
10-Dec-2021,-0.761550305
13-Dec-2021,-0.82353265
14-Dec-2021,-0.80958593
15-Dec-2021,-0.782771618
16-Dec-2021,-0.698455039
17-Dec-2021,-0.747661146
20-Dec-2021,-0.706473178
21-Dec-2021,-0.688556754
22-Dec-2021,-0.715732624
23-Dec-2021,-0.681010066
27-Dec-2021,-0.71980201
28-Dec-2021,-0.703762986
29-Dec-2021,-0.608837518
30-Dec-2021,-0.638945003
31-Dec-2021,-0.641431771
03-Jan-2022,-0.535930174
04-Jan-2022,-0.462209317
05-Jan-2022,-0.483158471
06-Jan-2022,-0.509219684
07-Jan-2022,-0.443706713
10-Jan-2022,-0.482653913
11-Jan-2022,-0.50060818
12-Jan-2022,-0.518232357
13-Jan-2022,-0.538139549
14-Jan-2022,-0.505753527
18-Jan-2022,-0.462470444
19-Jan-2022,-0.497083666
20-Jan-2022,-0.515514934
21-Jan-2022,-0.565892144
24-Jan-2022,-0.515275841
25-Jan-2022,-0.518547173
26-Jan-2022,-0.536592381
27-Jan-2022,-0.637010447
28-Jan-2022,-0.650387708
31-Jan-2022,-0.621995249
01-Feb-2022,-0.616732743
02-Feb-2022,-0.6401239
03-Feb-2022,-0.618941548
04-Feb-2022,-0.60145611
07-Feb-2022,-0.598358105
08-Feb-2022,-0.585347948
09-Feb-2022,-0.615589148
10-Feb-2022,-0.681804066
11-Feb-2022,-0.715971623
14-Feb-2022,-0.688572259
15-Feb-2022,-0.599678087
16-Feb-2022,-0.586694268
17-Feb-2022,-0.625855945
18-Feb-2022,-0.66838861
22-Feb-2022,-0.711422836
23-Feb-2022,-0.669301634
24-Feb-2022,-0.634413706
25-Feb-2022,-0.658822506
28-Feb-2022,-0.754625379
01-Mar-2022,-0.783901446
02-Mar-2022,-0.720946565
03-Mar-2022,-0.743954833
04-Mar-2022,-0.87731566
07-Mar-2022,-0.870686808
08-Mar-2022,-0.837612336
09-Mar-2022,-0.8037909
10-Mar-2022,-0.784000611
11-Mar-2022,-0.813149508
14-Mar-2022,-0.695820182
15-Mar-2022,-0.707082836
16-Mar-2022,-0.717182466
17-Mar-2022,-0.66637165
18-Mar-2022,-0.761358561
21-Mar-2022,-0.671635143
22-Mar-2022,-0.631037982
23-Mar-2022,-0.643577736
24-Mar-2022,-0.644168994
25-Mar-2022,-0.571190945
28-Mar-2022,-0.685374336
29-Mar-2022,-0.753182834
30-Mar-2022,-0.793392536
31-Mar-2022,-0.823069032
01-Apr-2022,-0.897301229
04-Apr-2022,-0.832034021
05-Apr-2022,-0.745070248
06-Apr-2022,-0.618774216
07-Apr-2022,-0.498619906
08-Apr-2022,-0.463042384
11-Apr-2022,-0.403095894
12-Apr-2022,-0.349989476
13-Apr-2022,-0.382447058
14-Apr-2022,-0.288920611
18-Apr-2022,-0.233177736
19-Apr-2022,-0.236284311
20-Apr-2022,-0.340843857
21-Apr-2022,-0.33637525
22-Apr-2022,-0.340692041
25-Apr-2022,-0.422912937
26-Apr-2022,-0.438500445
27-Apr-2022,-0.380965939
28-Apr-2022,-0.381959784
29-Apr-2022,-0.361329676
02-May-2022,-0.283604417
03-May-2022,-0.331575201
04-May-2022,-0.267799475
05-May-2022,-0.118375563
06-May-2022,-0.024197238
09-May-2022,-0.050606458
10-May-2022,-0.142282389
11-May-2022,-0.209627177
12-May-2022,-0.266924712
13-May-2022,-0.187192762
16-May-2022,-0.229003962
17-May-2022,-0.225368975
18-May-2022,-0.331712432
19-May-2022,-0.333859918
20-May-2022,-0.36811102
23-May-2022,-0.340271464
24-May-2022,-0.429403265
25-May-2022,-0.385167595
26-May-2022,-0.388147507
27-May-2022,-0.438799501
31-May-2022,-0.355449702
01-Jun-2022,-0.363833299
02-Jun-2022,-0.388133009
03-Jun-2022,-0.366511633
06-Jun-2022,-0.297098524
07-Jun-2022,-0.336836754
08-Jun-2022,-0.312528343
09-Jun-2022,-0.352909004
10-Jun-2022,-0.333763027
13-Jun-2022,-0.222683162
14-Jun-2022,-0.163561569
15-Jun-2022,-0.133733991
16-Jun-2022,-0.404370669
17-Jun-2022,-0.313628714
21-Jun-2022,-0.215701686
22-Jun-2022,-0.321495759
23-Jun-2022,-0.345629258
24-Jun-2022,-0.317118561
27-Jun-2022,-0.298856298
28-Jun-2022,-0.273930741
29-Jun-2022,-0.324988483
30-Jun-2022,-0.312173537
01-Jul-2022,-0.515238077
05-Jul-2022,-0.391586028
06-Jul-2022,-0.38924003
07-Jul-2022,-0.355982088
08-Jul-2022,-0.315499294
11-Jul-2022,-0.426506936
12-Jul-2022,-0.476566212
13-Jul-2022,-0.617493705
14-Jul-2022,-0.572311306
15-Jul-2022,-0.601298206
18-Jul-2022,-0.574709904
19-Jul-2022,-0.586275209
20-Jul-2022,-0.597934463
21-Jul-2022,-0.732785151
22-Jul-2022,-0.785623158
25-Jul-2022,-0.760401949
26-Jul-2022,-0.80227869
27-Jul-2022,-0.779770944
28-Jul-2022,-0.799223468
29-Jul-2022,-0.839216896
01-Aug-2022,-0.918941828
02-Aug-2022,-0.903242428
03-Aug-2022,-0.953101981
04-Aug-2022,-0.949740953
05-Aug-2022,-0.935031357
08-Aug-2022,-0.980897174
09-Aug-2022,-1.013350002
10-Aug-2022,-0.94852563
11-Aug-2022,-0.834396901
12-Aug-2022,-0.893503652
15-Aug-2022,-0.923267515
16-Aug-2022,-0.935452693
17-Aug-2022,-0.924239224
18-Aug-2022,-0.918162074
19-Aug-2022,-0.798181218
22-Aug-2022,-0.796004394
23-Aug-2022,-0.7483474
24-Aug-2022,-0.705898011
25-Aug-2022,-0.800449378
26-Aug-2022,-0.814041361
29-Aug-2022,-0.753255486
30-Aug-2022,-0.777977705
31-Aug-2022,-0.725864146
01-Sep-2022,-0.622189942
02-Sep-2022,-0.605851898
06-Sep-2022,-0.531253454
07-Sep-2022,-0.572232044
08-Sep-2022,-0.590095595
09-Sep-2022,-0.609140766
12-Sep-2022,-0.559986734
13-Sep-2022,-0.657854931
14-Sep-2022,-0.705514841
15-Sep-2022,-0.688801141
16-Sep-2022,-0.638398836
19-Sep-2022,-0.676384515
20-Sep-2022,-0.567098259
21-Sep-2022,-0.649150628
22-Sep-2022,-0.499974905
23-Sep-2022,-0.714441455
26-Sep-2022,-0.583447579
27-Sep-2022,-0.45953346
28-Sep-2022,-0.533171109
29-Sep-2022,-0.521188103
30-Sep-2022,-0.486896172
03-Oct-2022,-0.608603388
04-Oct-2022,-0.632938712
05-Oct-2022,-0.421578966
06-Oct-2022,-0.384697526
07-Oct-2022,-0.514591911
11-Oct-2022,-0.322456614
12-Oct-2022,-0.337050926
13-Oct-2022,-0.368253212
14-Oct-2022,-0.35649607
17-Oct-2022,-0.321694911
18-Oct-2022,-0.342308363
19-Oct-2022,-0.332864788
20-Oct-2022,-0.321128833
21-Oct-2022,-0.157636559
24-Oct-2022,-0.085058521
25-Oct-2022,-0.327328924
26-Oct-2022,-0.288894213
27-Oct-2022,-0.298054829
28-Oct-2022,-0.185836058
31-Oct-2022,-0.177009953
01-Nov-2022,-0.32928175
02-Nov-2022,-0.274734866
03-Nov-2022,-0.228203011
04-Nov-2022,-0.102203915
07-Nov-2022,-0.044955952
08-Nov-2022,-0.097211833
09-Nov-2022,-0.048717572
10-Nov-2022,-0.447042024
14-Nov-2022,-0.453103882
15-Nov-2022,-0.499359455
16-Nov-2022,-0.654560677
17-Nov-2022,-0.632730505
18-Nov-2022,-0.638373633
21-Nov-2022,-0.349396742
22-Nov-2022,-0.735032588
23-Nov-2022,-0.795737727
25-Nov-2022,-0.799574904
28-Nov-2022,-0.793798253
29-Nov-2022,-0.734636591
30-Nov-2022,-0.718529285
01-Dec-2022,-0.784609286
02-Dec-2022,-0.823599867
05-Dec-2022,-0.845999875
06-Dec-2022,-0.914453849
07-Dec-2022,-0.954923122
08-Dec-2022,-0.917702589
09-Dec-2022,-0.829424778
12-Dec-2022,-0.847827694
13-Dec-2022,-0.872461238
14-Dec-2022,-0.87925521
15-Dec-2022,-0.95368615
16-Dec-2022,-0.840595756
19-Dec-2022,-0.788254599
20-Dec-2022,-0.651025157
21-Dec-2022,-0.610572218
22-Dec-2022,-0.6778067
23-Dec-2022,-0.625434011
27-Dec-2022,-0.552994807
28-Dec-2022,-0.50196204
29-Dec-2022,-0.561769427
30-Dec-2022,-0.550763178
03-Jan-2023,-0.642729334
04-Jan-2023,-0.729238927
05-Jan-2023,-0.779550443
06-Jan-2023,-0.749185985
09-Jan-2023,-0.737681713
10-Jan-2023,-0.656329178
11-Jan-2023,-0.702396657
12-Jan-2023,-0.767259576
13-Jan-2023,-0.805659018
17-Jan-2023,-0.703092553
18-Jan-2023,-0.808979555
19-Jan-2023,-0.804318464
20-Jan-2023,-0.756442928
23-Jan-2023,-0.762436609
24-Jan-2023,-0.823434899
25-Jan-2023,-0.80385745
26-Jan-2023,-0.806349901
27-Jan-2023,-0.786358359
30-Jan-2023,-0.803979483
31-Jan-2023,-0.766323631
01-Feb-2023,-0.80200983
02-Feb-2023,-0.812465084
03-Feb-2023,-0.846354881
06-Feb-2023,-0.884672607
07-Feb-2023,-0.85558314
08-Feb-2023,-0.832081912
09-Feb-2023,-0.854313992
10-Feb-2023,-0.752348945
13-Feb-2023,-0.833536721
14-Feb-2023,-0.879637686
15-Feb-2023,-0.516739867
16-Feb-2023,-0.759691644
17-Feb-2023,-0.761679512
21-Feb-2023,-0.697937626
22-Feb-2023,-0.428032507
23-Feb-2023,-0.463287772
24-Feb-2023,-0.451500781
27-Feb-2023,-0.450299001
28-Feb-2023,-0.461156913
01-Mar-2023,-0.407057935
02-Mar-2023,-0.345553744
03-Mar-2023,-0.474477719
06-Mar-2023,-0.792227389
07-Mar-2023,-0.606087277
08-Mar-2023,-0.642025993
09-Mar-2023,-0.613924125
10-Mar-2023,-0.774788758
13-Mar-2023,-0.666292325
14-Mar-2023,-0.699421549
15-Mar-2023,-0.679369413
16-Mar-2023,-0.721588401
17-Mar-2023,-0.674382667
20-Mar-2023,-0.655176847
21-Mar-2023,-0.672654038
22-Mar-2023,-0.633972594
23-Mar-2023,-0.627558701
24-Mar-2023,-0.639939321
27-Mar-2023,-0.597731372
28-Mar-2023,-0.618915938
29-Mar-2023,-0.616935984
30-Mar-2023,-0.651181109
31-Mar-2023,-0.698880339
03-Apr-2023,-0.701592019
04-Apr-2023,-0.689283252
05-Apr-2023,-0.735170724
06-Apr-2023,-0.765685578
07-Apr-2023,-0.754991392
10-Apr-2023,-0.765149803
11-Apr-2023,-0.753686546
12-Apr-2023,-0.704870904
13-Apr-2023,-0.666879005
14-Apr-2023,-0.669451746
17-Apr-2023,-0.638043913
18-Apr-2023,-0.665676378
19-Apr-2023,-0.677504618
20-Apr-2023,-0.662660439
21-Apr-2023,-0.641290537
24-Apr-2023,-0.669670787
25-Apr-2023,-0.671296264
26-Apr-2023,-0.649239285
27-Apr-2023,-0.641745658
28-Apr-2023,-0.708381634
01-May-2023,-0.590865738
02-May-2023,-0.646704981
03-May-2023,-0.629841552
04-May-2023,-0.561191435
05-May-2023,-0.57807493
08-May-2023,-0.544164397
09-May-2023,-0.528506324
10-May-2023,-0.529008048
11-May-2023,-0.617345635
12-May-2023,-0.603302203
15-May-2023,-0.528652459
16-May-2023,-0.516705869
17-May-2023,-0.546149638
18-May-2023,-0.542598749
19-May-2023,-0.509994721
22-May-2023,-0.490936674
23-May-2023,-0.515290317
24-May-2023,-0.524514655
25-May-2023,-0.54966937
26-May-2023,-0.614022683
30-May-2023,-0.643226339
31-May-2023,-0.6561164
01-Jun-2023,-0.652774778
02-Jun-2023,-0.681830684
05-Jun-2023,-0.664414925
06-Jun-2023,-0.694144292
07-Jun-2023,-0.604162376
08-Jun-2023,-0.673623905
09-Jun-2023,-0.712768613
12-Jun-2023,-0.697790864
13-Jun-2023,-0.692734381
14-Jun-2023,-0.804835821
15-Jun-2023,-0.791065382
16-Jun-2023,-0.843194758
20-Jun-2023,-0.860246729
21-Jun-2023,-0.879670049
22-Jun-2023,-0.864353157
23-Jun-2023,-0.863903126
26-Jun-2023,-0.853237617
27-Jun-2023,-0.901690541
28-Jun-2023,-0.929963257
29-Jun-2023,-0.666653645
30-Jun-2023,-0.733133299
03-Jul-2023,-0.73470713
05-Jul-2023,-0.628961802
06-Jul-2023,-0.57271107
07-Jul-2023,-0.541561272
10-Jul-2023,-0.643806652
11-Jul-2023,-0.719938055
12-Jul-2023,-0.717134793
13-Jul-2023,-0.702798028
14-Jul-2023,-0.799624999
17-Jul-2023,-0.795605461
18-Jul-2023,-0.837839827
19-Jul-2023,-0.912963005
20-Jul-2023,-0.85405398
21-Jul-2023,-0.874793283
24-Jul-2023,-0.846986887
25-Jul-2023,-0.828898845
26-Jul-2023,-0.657006286
27-Jul-2023,-0.737086725
28-Jul-2023,-0.759393634
31-Jul-2023,-0.601214446
01-Aug-2023,-0.447811592
02-Aug-2023,-0.570566626
03-Aug-2023,-0.450206747
04-Aug-2023,-0.50716103
07-Aug-2023,-0.433236894
08-Aug-2023,-0.504483776
09-Aug-2023,-0.563932728
10-Aug-2023,-0.470378191
11-Aug-2023,-0.459196185
14-Aug-2023,-0.535101228
15-Aug-2023,-0.453318416
16-Aug-2023,-0.423941104
17-Aug-2023,-0.342486278
18-Aug-2023,-0.379278108
21-Aug-2023,-0.321022482
22-Aug-2023,-0.172851993
23-Aug-2023,-0.489446526
24-Aug-2023,-0.480036088
25-Aug-2023,-0.50575332
28-Aug-2023,-0.519497001
29-Aug-2023,-0.50198758
30-Aug-2023,-0.482122488
31-Aug-2023,-0.488980656
01-Sep-2023,-0.375156846
05-Sep-2023,-0.366219268
06-Sep-2023,-0.210556164
07-Sep-2023,-0.381805147
08-Sep-2023,-0.427204001
11-Sep-2023,-0.385051754
12-Sep-2023,-0.443275873
13-Sep-2023,-0.436595887
14-Sep-2023,-0.427431204
15-Sep-2023,-0.182012917
18-Sep-2023,-0.211682804
19-Sep-2023,-0.252278855
20-Sep-2023,-0.305937804
21-Sep-2023,-0.066052138
22-Sep-2023,-0.101967013
25-Sep-2023,0.05085042
26-Sep-2023,0.076590806
27-Sep-2023,0.117530669
28-Sep-2023,0.133069524
29-Sep-2023,0.169418319
02-Oct-2023,0.229981764
03-Oct-2023,0.340625812
04-Oct-2023,0.300409306
05-Oct-2023,0.323606179
06-Oct-2023,0.271550562
10-Oct-2023,0.234965406
11-Oct-2023,0.08076413
12-Oct-2023,0.279881808
13-Oct-2023,0.201557043
16-Oct-2023,0.280291412
17-Oct-2023,0.303420948
18-Oct-2023,0.286447104
19-Oct-2023,0.466607211
20-Oct-2023,0.478302187
23-Oct-2023,0.388383633
24-Oct-2023,0.339453185
25-Oct-2023,0.448956197
26-Oct-2023,0.40048499
27-Oct-2023,0.425922622
30-Oct-2023,0.442396602
31-Oct-2023,0.41856457
01-Nov-2023,0.373879188
02-Nov-2023,0.197908543
03-Nov-2023,0.212622575
06-Nov-2023,0.237407946
07-Nov-2023,0.137917553
08-Nov-2023,0.103296017
09-Nov-2023,0.227971176
10-Nov-2023,0.179979652
13-Nov-2023,0.198169038
14-Nov-2023,0.074322031
15-Nov-2023,0.094573655
16-Nov-2023,0.080618523
17-Nov-2023,-0.001467868
20-Nov-2023,-0.033479815
21-Nov-2023,-0.003501889
22-Nov-2023,-0.017623297
24-Nov-2023,0.124998598
27-Nov-2023,-0.023648786
28-Nov-2023,0.040060162
29-Nov-2023,0.007729578
30-Nov-2023,0.074435615
01-Dec-2023,0.004283034
04-Dec-2023,0.006875054
05-Dec-2023,-0.088553054
06-Dec-2023,-0.190736193
07-Dec-2023,-0.150140216
08-Dec-2023,-0.15370493
11-Dec-2023,-0.14316433
12-Dec-2023,-0.195046552
13-Dec-2023,-0.18014
14-Dec-2023,-0.296791603
15-Dec-2023,-0.348429613
18-Dec-2023,-0.310649667
19-Dec-2023,-0.316455531
20-Dec-2023,-0.357960223
21-Dec-2023,-0.316716563
22-Dec-2023,-0.299924737
26-Dec-2023,-0.320597512
27-Dec-2023,-0.45307692
28-Dec-2023,-0.430857718
29-Dec-2023,-0.315716313
02-Jan-2024,-0.300722087
03-Jan-2024,-0.324106786
04-Jan-2024,-0.251677857
05-Jan-2024,-0.188844276
08-Jan-2024,-0.208234956
09-Jan-2024,-0.218167968
10-Jan-2024,-0.190934669
11-Jan-2024,-0.201019226
12-Jan-2024,-0.170881222
16-Jan-2024,-0.071238763
17-Jan-2024,-0.104563778
18-Jan-2024,-0.048638479
19-Jan-2024,-0.061401238
22-Jan-2024,-0.098774665
23-Jan-2024,-0.049722595
24-Jan-2024,-0.011808834
25-Jan-2024,-0.025828382
26-Jan-2024,-0.031517374
29-Jan-2024,-0.097741663
30-Jan-2024,-0.146317812
31-Jan-2024,-0.185539239
01-Feb-2024,-0.333794727
02-Feb-2024,-0.225056602
05-Feb-2024,-0.129134004
06-Feb-2024,-0.172997268
07-Feb-2024,-0.159072778
08-Feb-2024,-0.103397968
09-Feb-2024,-0.107232634
12-Feb-2024,-0.102829996
13-Feb-2024,-0.065540249
14-Feb-2024,-0.063558897
15-Feb-2024,-0.076620066
16-Feb-2024,-0.064708609
20-Feb-2024,-0.049491644
21-Feb-2024,-0.026382156
22-Feb-2024,-0.071253018
23-Feb-2024,-0.144283777
26-Feb-2024,-0.148245241
27-Feb-2024,-0.112538667
28-Feb-2024,-0.114781082
29-Feb-2024,-0.14003685
01-Mar-2024,-0.13729573
04-Mar-2024,-0.143446743
05-Mar-2024,-0.218754848
06-Mar-2024,-0.279968676
07-Mar-2024,-0.262739635
08-Mar-2024,-0.236480483
11-Mar-2024,-0.26590597
12-Mar-2024,-0.240884301
13-Mar-2024,-0.222999989
14-Mar-2024,-0.145513249
15-Mar-2024,-0.162652214
18-Mar-2024,-0.13987256
19-Mar-2024,-0.148024108
20-Mar-2024,-0.123527935
21-Mar-2024,-0.132168377
22-Mar-2024,-0.179428017
25-Mar-2024,-0.152646901
26-Mar-2024,-0.174463534
27-Mar-2024,-0.203767083
28-Mar-2024,-0.245206551
01-Apr-2024,-0.156878847
02-Apr-2024,-0.087962868
03-Apr-2024,-0.074498279
04-Apr-2024,-0.107298313
05-Apr-2024,-0.0855109
08-Apr-2024,-0.10146775
09-Apr-2024,-0.140030998
10-Apr-2024,-0.129807297
11-Apr-2024,-0.105257609
12-Apr-2024,-0.111637063
15-Apr-2024,0.000574842
16-Apr-2024,0.019106369
17-Apr-2024,-0.05421515
18-Apr-2024,-0.019881713
19-Apr-2024,-0.038460629
22-Apr-2024,-0.027612146
23-Apr-2024,0.000601973
24-Apr-2024,0.047952248
25-Apr-2024,0.053717932
26-Apr-2024,0.008734395
29-Apr-2024,-0.027717548
30-Apr-2024,-0.021242158
01-May-2024,-0.022840499
02-May-2024,0.006697963
03-May-2024,-0.009624482
06-May-2024,-0.05741013
07-May-2024,-0.096800105
08-May-2024,-0.063112771
09-May-2024,-0.072598131
10-May-2024,-0.061701623
13-May-2024,-0.075193413
14-May-2024,-0.073219938
15-May-2024,-0.11383329
16-May-2024,-0.097945753
17-May-2024,-0.121193045
20-May-2024,-0.112093813
21-May-2024,-0.134964561
22-May-2024,-0.175647763
23-May-2024,-0.075247609
24-May-2024,-0.063176705
28-May-2024,-0.116161414
29-May-2024,0.08842085
30-May-2024,0.042993038
31-May-2024,0.022190336
03-Jun-2024,-0.146839551
04-Jun-2024,-0.192662158
05-Jun-2024,-0.200808533
06-Jun-2024,-0.208812373
07-Jun-2024,-0.166714531
10-Jun-2024,-0.009850205
11-Jun-2024,-0.141900934
12-Jun-2024,-0.17562155
13-Jun-2024,-0.20288954
14-Jun-2024,-0.243360657
17-Jun-2024,-0.237113483
18-Jun-2024,-0.244435819
20-Jun-2024,-0.213941834
21-Jun-2024,-0.216574593
24-Jun-2024,-0.231705851
25-Jun-2024,-0.24581111
26-Jun-2024,-0.179143894
27-Jun-2024,-0.189746017
28-Jun-2024,-0.10599886
01-Jul-2024,0.038811309
02-Jul-2024,-0.002440897
03-Jul-2024,-0.066040983
05-Jul-2024,-0.071523304
08-Jul-2024,-0.094870122
09-Jul-2024,-0.056071214
10-Jul-2024,-0.078787828
11-Jul-2024,-0.092721594
12-Jul-2024,-0.074053041
15-Jul-2024,-0.006070509
16-Jul-2024,-0.078879106
17-Jul-2024,-0.091664948
18-Jul-2024,-0.049946171
19-Jul-2024,-0.026181976
22-Jul-2024,-0.012071319
23-Jul-2024,-0.008799312
24-Jul-2024,0.068527977
25-Jul-2024,0.020332054
26-Jul-2024,-0.012861528
29-Jul-2024,-0.03728289
30-Jul-2024,-0.048386677
31-Jul-2024,-0.094444386
01-Aug-2024,-0.133860443
02-Aug-2024,-0.211990369
05-Aug-2024,-0.262268063
06-Aug-2024,-0.168420376
07-Aug-2024,-0.097683753
08-Aug-2024,-0.085691246
09-Aug-2024,-0.110045209
12-Aug-2024,-0.119390521
13-Aug-2024,-0.17706921
14-Aug-2024,-0.220052073
15-Aug-2024,-0.153936399
16-Aug-2024,-0.199877819
19-Aug-2024,-0.233547275
20-Aug-2024,-0.25636743
21-Aug-2024,-0.247659713
22-Aug-2024,-0.205397803
23-Aug-2024,-0.211555593
26-Aug-2024,-0.215219039
27-Aug-2024,-0.164859833
28-Aug-2024,-0.157191452
29-Aug-2024,-0.138906772
30-Aug-2024,-0.108902448
03-Sep-2024,-0.173531246
04-Sep-2024,-0.200244872
05-Sep-2024,-0.227358204
06-Sep-2024,-0.206973428
09-Sep-2024,-0.236117217
10-Sep-2024,-0.24855917
11-Sep-2024,-0.271066767
12-Sep-2024,-0.233651817
13-Sep-2024,-0.230375166
16-Sep-2024,-0.257903532
17-Sep-2024,-0.252108469
18-Sep-2024,-0.175272202
19-Sep-2024,-0.141862102
20-Sep-2024,-0.138069425
23-Sep-2024,-0.122889636
24-Sep-2024,-0.097368671
25-Sep-2024,-0.053357419
26-Sep-2024,-0.090684139
27-Sep-2024,-0.101645111
30-Sep-2024,-0.094647666
01-Oct-2024,-0.136340987
02-Oct-2024,-0.089541777
03-Oct-2024,-0.053986659
04-Oct-2024,-0.051976799
07-Oct-2024,0.03016382
08-Oct-2024,-0.003803966
09-Oct-2024,0.060278394
10-Oct-2024,0.066454495
11-Oct-2024,0.129325978
15-Oct-2024,0.00679211
16-Oct-2024,0.016210205
17-Oct-2024,0.123451248
18-Oct-2024,0.125559265
21-Oct-2024,0.209551892
22-Oct-2024,0.215465432
23-Oct-2024,0.226903813
24-Oct-2024,0.186581145
25-Oct-2024,0.21737053
28-Oct-2024,0.229058223
29-Oct-2024,0.242959832
30-Oct-2024,0.214750393
31-Oct-2024,0.176635668
01-Nov-2024,0.293976416
04-Nov-2024,0.234941622
05-Nov-2024,0.177694583
06-Nov-2024,0.319180208
07-Nov-2024,0.248073755
08-Nov-2024,0.157301086
12-Nov-2024,0.235965443
13-Nov-2024,0.334392829
14-Nov-2024,0.225880096
15-Nov-2024,0.290571327
18-Nov-2024,0.298692667
19-Nov-2024,0.260695146
20-Nov-2024,0.230125591
21-Nov-2024,0.221727749
22-Nov-2024,0.195757242
25-Nov-2024,0.088254324
26-Nov-2024,0.1434407
27-Nov-2024,0.108280834
29-Nov-2024,0.09971651
02-Dec-2024,0.068474214
03-Dec-2024,0.116685916
04-Dec-2024,0.121965065
05-Dec-2024,0.058710138
06-Dec-2024,0.079756743
09-Dec-2024,0.103278325
10-Dec-2024,0.115921223
11-Dec-2024,0.175165675
12-Dec-2024,0.234540036
13-Dec-2024,0.291062065
16-Dec-2024,0.276748168
17-Dec-2024,0.288233229
18-Dec-2024,0.327709755
19-Dec-2024,0.443165886
20-Dec-2024,0.392697064
23-Dec-2024,0.450570262
24-Dec-2024,0.437321579
26-Dec-2024,0.438948276
27-Dec-2024,0.502338634
30-Dec-2024,0.469733419
31-Dec-2024,0.491711227
02-Jan-2025,0.490709296
03-Jan-2025,0.506357041
06-Jan-2025,0.539844181
07-Jan-2025,0.60460818
08-Jan-2025,0.614389178
09-Jan-2025,0.632421678
10-Jan-2025,0.64895348
13-Jan-2025,0.659130791
14-Jan-2025,0.679873825
15-Jan-2025,0.58975729
16-Jan-2025,0.584537906
17-Jan-2025,0.53160699
21-Jan-2025,0.471610954
22-Jan-2025,0.490513539
23-Jan-2025,0.548221213
24-Jan-2025,0.539002725
27-Jan-2025,0.439136408
28-Jan-2025,0.491333256
29-Jan-2025,0.4724483
30-Jan-2025,0.46052887
31-Jan-2025,0.50066373
03-Feb-2025,0.424445361
04-Feb-2025,0.435102502
05-Feb-2025,0.343381789
06-Feb-2025,0.328646817
07-Feb-2025,0.32062672
10-Feb-2025,0.336742838
11-Feb-2025,0.378552345
12-Feb-2025,0.454011045
13-Feb-2025,0.355162394
14-Feb-2025,0.335566813
18-Feb-2025,0.399069989
19-Feb-2025,0.404467766
20-Feb-2025,0.380380534
21-Feb-2025,0.346044391
24-Feb-2025,0.347115361
25-Feb-2025,0.286556275
26-Feb-2025,0.249624208
27-Feb-2025,0.290246117
28-Feb-2025,0.274919114
03-Mar-2025,0.219162558
04-Mar-2025,0.291104146
05-Mar-2025,0.323823248
06-Mar-2025,0.370262353
07-Mar-2025,0.38380705
10-Mar-2025,0.330451515
11-Mar-2025,0.387885231
12-Mar-2025,0.40436787
13-Mar-2025,0.379086213
14-Mar-2025,0.384745133
17-Mar-2025,0.357514638
18-Mar-2025,0.34470934
19-Mar-2025,0.321322991
20-Mar-2025,0.323575658
21-Mar-2025,0.3659515
24-Mar-2025,0.414336884
25-Mar-2025,0.407181635
26-Mar-2025,0.441833266
27-Mar-2025,0.485991101
28-Mar-2025,0.415897482
31-Mar-2025,0.385524151
01-Apr-2025,0.333556382
02-Apr-2025,0.338324103
03-Apr-2025,0.321563196
04-Apr-2025,0.254729786
07-Apr-2025,0.432330148
08-Apr-2025,0.600868607
09-Apr-2025,0.539471956
10-Apr-2025,0.705740268
11-Apr-2025,0.689308403
14-Apr-2025,0.650166897
15-Apr-2025,0.644189128
16-Apr-2025,0.621666843
17-Apr-2025,0.668741843
21-Apr-2025,0.837696861
22-Apr-2025,0.773560478
23-Apr-2025,0.689406457
24-Apr-2025,0.64950244
25-Apr-2025,0.615869725
28-Apr-2025,0.601899699
29-Apr-2025,0.562158732
30-Apr-2025,0.6094946
01-May-2025,0.65150882
02-May-2025,0.658336853
05-May-2025,0.695778803
06-May-2025,0.698468478
07-May-2025,0.642054051
08-May-2025,0.681293372
09-May-2025,0.683170843
12-May-2025,0.690856243
13-May-2025,0.743042974
14-May-2025,0.753601844
15-May-2025,0.731424761
16-May-2025,0.702613236
19-May-2025,0.752817211
20-May-2025,0.794347408
21-May-2025,0.910902674
22-May-2025,0.87307346
23-May-2025,0.834186038
27-May-2025,0.757931455
28-May-2025,0.781740331
29-May-2025,0.747287208
30-May-2025,0.755774046
02-Jun-2025,0.806080277
03-Jun-2025,0.789936926
04-Jun-2025,0.717605677
05-Jun-2025,0.696983005
06-Jun-2025,0.750551468
09-Jun-2025,0.743456148
10-Jun-2025,0.719880389
11-Jun-2025,0.702453287
12-Jun-2025,0.642272666
13-Jun-2025,0.703729728
16-Jun-2025,0.75080789
17-Jun-2025,0.674831626
18-Jun-2025,0.684834368
20-Jun-2025,0.703997515
23-Jun-2025,0.697785069
24-Jun-2025,0.677000243
25-Jun-2025,0.685758395
26-Jun-2025,0.686861973
27-Jun-2025,0.711494211
30-Jun-2025,0.640870421
01-Jul-2025,0.618730655
02-Jul-2025,0.674533471
03-Jul-2025,0.662424391
07-Jul-2025,0.736224559
08-Jul-2025,0.74684811
09-Jul-2025,0.685515321
10-Jul-2025,0.677188768
11-Jul-2025,0.772129283
14-Jul-2025,0.779918938
15-Jul-2025,0.819971472
16-Jul-2025,0.837974396
17-Jul-2025,0.830860336
18-Jul-2025,0.822066266
21-Jul-2025,0.762407336
22-Jul-2025,0.742115851
23-Jul-2025,0.751891984
24-Jul-2025,0.750782423
25-Jul-2025,0.720684686
28-Jul-2025,0.748771389
29-Jul-2025,0.658677621
30-Jul-2025,0.663762101
31-Jul-2025,0.649963731
01-Aug-2025,0.643283068
04-Aug-2025,0.642204738
05-Aug-2025,0.628454077
06-Aug-2025,0.671670055
07-Aug-2025,0.659749809
08-Aug-2025,0.683044604
11-Aug-2025,0.667456026
12-Aug-2025,0.72239599
13-Aug-2025,0.688799683
14-Aug-2025,0.730186433
15-Aug-2025,0.779171439
18-Aug-2025,0.7918142
19-Aug-2025,0.765140021
20-Aug-2025,0.753187591
21-Aug-2025,0.764236277
22-Aug-2025,0.751647921
25-Aug-2025,0.756530284
26-Aug-2025,0.782777704
27-Aug-2025,0.795884264
28-Aug-2025,0.751909234
29-Aug-2025,0.79400587
02-Sep-2025,0.83963682
03-Sep-2025,0.781547145
04-Sep-2025,0.75113039
05-Sep-2025,0.695943172
08-Sep-2025,0.635255694
09-Sep-2025,0.636053017
10-Sep-2025,0.593550523
11-Sep-2025,0.556776578
12-Sep-2025,0.591452337
15-Sep-2025,0.579956337
16-Sep-2025,0.585044158
17-Sep-2025,0.583530438
18-Sep-2025,0.634284484
19-Sep-2025,0.66157198
22-Sep-2025,0.663263602
23-Sep-2025,0.635955916
24-Sep-2025,0.646089336
25-Sep-2025,0.615314313
26-Sep-2025,0.648026168
29-Sep-2025,0.602545363
30-Sep-2025,0.630919274
01-Oct-2025,0.635639628
02-Oct-2025,0.607808295
03-Oct-2025,0.621759578
06-Oct-2025,0.66724264
07-Oct-2025,0.642367499
08-Oct-2025,0.629017684
09-Oct-2025,0.63297599
10-Oct-2025,0.563951219
14-Oct-2025,0.569980889
15-Oct-2025,0.586973246
16-Oct-2025,0.553192453
17-Oct-2025,0.563256447
20-Oct-2025,0.54473703
21-Oct-2025,0.515306732
22-Oct-2025,0.507391914
23-Oct-2025,0.533188158
24-Oct-2025,0.551947638
27-Oct-2025,0.523949175
28-Oct-2025,0.508882581
29-Oct-2025,0.525804688
30-Oct-2025,0.565340744
31-Oct-2025,0.58329206
03-Nov-2025,0.599670962
04-Nov-2025,0.588352182
05-Nov-2025,0.636964116
06-Nov-2025,0.612753584
07-Nov-2025,0.628996279
10-Nov-2025,0.625648774
12-Nov-2025,0.588401
13-Nov-2025,0.614277913
14-Nov-2025,0.645059917
17-Nov-2025,0.624642106
18-Nov-2025,0.652727058
19-Nov-2025,0.653512418
20-Nov-2025,0.645514212
21-Nov-2025,0.649385871
24-Nov-2025,0.618102673
25-Nov-2025,0.61029187
26-Nov-2025,0.582428104
28-Nov-2025,0.604351532
01-Dec-2025,0.664002643
02-Dec-2025,0.678021746
03-Dec-2025,0.666623883
04-Dec-2025,0.687228001
05-Dec-2025,0.693177643
08-Dec-2025,0.714786931
09-Dec-2025,0.685649573
10-Dec-2025,0.711751225
11-Dec-2025,0.722173851
12-Dec-2025,0.79353929
15-Dec-2025,0.793221311
16-Dec-2025,0.773285921
17-Dec-2025,0.781054731
18-Dec-2025,0.758970493
19-Dec-2025,0.77775116
22-Dec-2025,0.771895536
23-Dec-2025,0.729177995
24-Dec-2025,0.696765323
26-Dec-2025,0.747168862
29-Dec-2025,0.738697479
30-Dec-2025,0.753274657
31-Dec-2025,0.76989058
02-Jan-2026,0.812172783
05-Jan-2026,0.798337059
06-Jan-2026,0.806134087
07-Jan-2026,0.754234601
08-Jan-2026,0.775084241
09-Jan-2026,0.721239903
12-Jan-2026,0.735982495
13-Jan-2026,0.734031025
14-Jan-2026,0.702228482
15-Jan-2026,0.683003897
16-Jan-2026,0.724635712
20-Jan-2026,0.824648549
21-Jan-2026,0.784136738
22-Jan-2026,0.746661783
23-Jan-2026,0.730633596
26-Jan-2026,0.700882412
27-Jan-2026,0.734830001
28-Jan-2026,0.757171618
29-Jan-2026,0.771744997
30-Jan-2026,0.781977886
02-Feb-2026,0.813163367
03-Feb-2026,0.806270942
04-Feb-2026,0.800866003
05-Feb-2026,0.795855647
06-Feb-2026,0.791893055
09-Feb-2026,0.796860832
10-Feb-2026,0.743915892
11-Feb-2026,0.751251748
12-Feb-2026,0.687207068
13-Feb-2026,0.674251014
17-Feb-2026,0.652451904
18-Feb-2026,0.674866202
19-Feb-2026,0.663053954
20-Feb-2026,0.672423558
23-Feb-2026,0.65605256
24-Feb-2026,0.647442192
25-Feb-2026,0.638220838
26-Feb-2026,0.620948536
